experiment,model,feature,training_time_seconds,inference_time_seconds,best_cv_f1_macro,accuracy,precision_weighted,recall_weighted,f1_weighted,precision_macro,recall_macro,f1_macro
linear_svm__tfidf,linear_svm,tfidf,1.7941932678222656,0.04640555381774902,0.9455601756281281,0.9591947769314473,0.9591996703577754,0.9591947769314473,0.9591946682217193,0.9591996703577754,0.9591947769314473,0.9591946682217193
logistic_regression__bow,logistic_regression,bow,1.1878836154937744,0.03376364707946777,0.9471940221988135,0.9586507072905331,0.9587050201252633,0.9586507072905331,0.9586494832665512,0.9587050201252634,0.9586507072905333,0.9586494832665511
logistic_regression__tfidf,logistic_regression,tfidf,2.031256675720215,0.04679298400878906,0.9451520181914828,0.9581066376496191,0.9581505778704055,0.9581066376496191,0.9581056331503245,0.9581505778704055,0.9581066376496191,0.9581056331503246
linear_svm__ngram,linear_svm,ngram,2.3031041622161865,0.058992624282836914,0.9451526450399926,0.9570184983677911,0.9570233686025253,0.9570184983677911,0.9570183838602111,0.9570233686025253,0.9570184983677911,0.9570183838602111
logistic_regression__ngram,logistic_regression,ngram,2.5561330318450928,0.057730913162231445,0.944061885140138,0.9570184983677911,0.9570233686025253,0.9570184983677911,0.9570183838602111,0.9570233686025253,0.9570184983677911,0.9570183838602111
linear_svm__bow,linear_svm,bow,6.935029029846191,0.031389713287353516,0.944197857828217,0.955386289445049,0.9554919969444494,0.955386289445049,0.9553837008828767,0.9554919969444493,0.9553862894450489,0.9553837008828767
multinomial_nb__bow,multinomial_nb,bow,0.7728047370910645,0.031256914138793945,0.9439288725598779,0.9472252448313384,0.9472893278385677,0.9472252448313384,0.947223354507814,0.9472893278385676,0.9472252448313384,0.9472233545078139
multinomial_nb__ngram,multinomial_nb,ngram,1.8831446170806885,0.06238913536071777,0.9375318243662427,0.9450489662676823,0.9450537089486497,0.9450489662676823,0.9450488198719154,0.9450537089486497,0.9450489662676822,0.9450488198719154
multinomial_nb__tfidf,multinomial_nb,tfidf,1.2740962505340576,0.04877924919128418,0.937393900103598,0.9434167573449401,0.9434692661946495,0.9434167573449401,0.9434150823647541,0.9434692661946495,0.9434167573449401,0.9434150823647541
